Delta,Time,CPU_FREQUENCY_0,CPU_FREQUENCY_1,CPU_FREQUENCY_10,CPU_FREQUENCY_11,CPU_FREQUENCY_2,CPU_FREQUENCY_3,CPU_FREQUENCY_4,CPU_FREQUENCY_5,CPU_FREQUENCY_6,CPU_FREQUENCY_7,CPU_FREQUENCY_8,CPU_FREQUENCY_9,CPU_USAGE_0,CPU_USAGE_1,CPU_USAGE_10,CPU_USAGE_11,CPU_USAGE_2,CPU_USAGE_3,CPU_USAGE_4,CPU_USAGE_5,CPU_USAGE_6,CPU_USAGE_7,CPU_USAGE_8,CPU_USAGE_9,DRAM_ENERGY (J),PACKAGE_ENERGY (J),PP0_ENERGY (J),PP1_ENERGY (J),TOTAL_MEMORY,TOTAL_SWAP,USED_MEMORY,USED_SWAP
0,1740150609244,2600,2600,2600,2600,2600,2600,2600,2600,2600,2600,2600,2600,16.188568115234375,1.0229034423828125,0.72393798828125,99.01539611816406,69.77367401123047,7.7631988525390625,73.96165466308594,1.1019668579101563,20.317245483398438,19.891036987304688,13.8092041015625,1.5331192016601563,25103.449096679688,39363.432067871094,129970.1371459961,6760.616882324219,17012051968,15032385536,7821176832,0
199,1740150609245,2600,2600,2600,2600,2600,2600,2600,2600,2600,2600,2600,2600,24.230026245117188,6.372245788574219,6.8865509033203125,97.49597930908203,92.85132598876953,8.586349487304688,98.28034973144531,6.485435485839844,13.296531677246094,16.45386505126953,15.389503479003906,25.56444549560547,25103.457885742188,39363.56066894531,129970.20379638672,6760.616882324219,17012051968,15032385536,7822544896,0
200,1740150609445,2600,2600,2600,2600,2600,2600,2600,2600,2600,2600,2600,2600,15.251472473144531,19.207595825195313,11.189338684082031,70.54721069335938,14.196540832519531,7.6912384033203125,22.42176055908203,6.603363037109375,13.440010070800781,8.024375915527344,11.597152709960938,9.02239990234375,25103.704833984375,39367.62121582031,129971.8212890625,6760.637023925781,17012051968,15032385536,7827746816,0
199,1740150609645,2600,2600,2600,2600,2600,2600,2600,2600,2600,2600,2600,2600,11.849250793457031,3.0227890014648438,2.9913787841796875,81.73021697998047,15.525741577148438,6.8590545654296875,8.121330261230469,7.487709045410156,18.026206970214844,2.5843734741210938,11.683006286621094,2.1762542724609375,25103.932067871094,39371.498107910156,129973.28057861328,6760.649108886719,17012051968,15032385536,7828791296,0
200,1740150609845,2600,2600,2600,2600,2600,2600,2600,2600,2600,2600,2600,2600,17.709556579589844,7.272773742675781,9.567092895507813,74.21085357666016,20.42792510986328,6.342079162597656,13.311416625976563,4.9792022705078125,19.41588592529297,4.0839080810546875,13.280685424804688,3.2229080200195313,25104.171875,39375.494079589844,129974.86840820313,6760.655944824219,17012051968,15032385536,7834923008,0
199,1740150610046,2600,2600,2600,2600,2600,2600,2600,2600,2600,2600,2600,2600,38.52491760253906,22.388038635253906,31.42237091064453,54.71400833129883,29.402305603027344,19.12018585205078,26.998611450195313,24.20697784423828,31.48265838623047,10.742988586425781,28.599327087402344,13.468391418457031,25104.459228515625,39380.18963623047,129977.09088134766,6760.708312988281,17012051968,15032385536,7857778688,0
200,1740150610246,2600,2600,2600,2600,2600,2600,2600,2600,2600,2600,2600,2600,28.47148895263672,22.829360961914063,20.115020751953125,33.83851623535156,31.238075256347656,17.716773986816406,35.69226837158203,9.771690368652344,55.65573501586914,2.8873138427734375,53.40281295776367,7.50177001953125,25104.819580078125,39385.246643066406,129979.45397949219,6760.921325683594,17012051968,15032385536,7869931520,0
200,1740150610447,2600,2600,2600,2600,2600,2600,2600,2600,2600,2600,2600,2600,56.76763153076172,36.10037612915039,38.51466751098633,44.913963317871094,50.69264221191406,26.272994995117188,41.36296081542969,26.809921264648438,53.03428649902344,26.358917236328125,60.349517822265625,30.43536376953125,25105.168212890625,39390.923095703125,129982.57373046875,6761.012390136719,17012051968,15032385536,7872999424,0
200,1740150610647,2600,2600,2600,2600,2600,2600,2600,2600,2600,2600,2600,2600,46.70415496826172,21.409507751464844,35.18608093261719,35.513038635253906,66.80027770996094,23.728836059570313,36.485015869140625,23.62982940673828,33.61406707763672,26.333358764648438,33.173011779785156,37.63618850708008,25105.5166015625,39396.233337402344,129985.32305908203,6761.126770019531,17012051968,15032385536,7898931200,0
200,1740150610847,2600,2600,2600,2600,2600,2600,2600,2600,2600,2600,2600,2600,27.307525634765625,10.986831665039063,32.21586608886719,37.66290283203125,15.04974365234375,4.80133056640625,74.97126007080078,19.61168670654297,21.30290985107422,4.323577880859375,24.352584838867188,7.058479309082031,25105.845092773438,39400.87316894531,129987.39447021484,6761.233703613281,17012051968,15032385536,7911972864,0
200,1740150611047,2600,2600,2600,2600,2600,2600,2600,2600,2600,2600,2600,2600,32.2188720703125,12.707672119140625,22.147605895996094,39.54476547241211,25.432823181152344,26.95844268798828,51.36979675292969,10.766067504882813,28.429901123046875,15.928298950195313,27.79541015625,15.574264526367188,25106.182556152344,39405.618225097656,129989.56805419922,6761.342712402344,17012051968,15032385536,7924580352,0
200,1740150611248,2600,2600,2600,2600,2600,2600,2600,2600,2600,2600,2600,2600,26.233352661132813,55.73173141479492,31.356056213378906,34.02980041503906,36.12335968017578,21.21422576904297,30.063690185546875,27.216110229492188,45.15703582763672,9.422653198242188,36.63093185424805,11.494239807128906,25106.551696777344,39410.58605957031,129991.95922851563,6761.45703125,17012051968,15032385536,7884390400,0
200,1740150611448,2600,2600,2600,2600,2600,2600,2600,2600,2600,2600,2600,2600,47.700077056884766,32.19432067871094,22.286170959472656,47.872135162353516,36.48379898071289,15.152809143066406,25.815345764160156,25.276092529296875,20.722335815429688,58.57243347167969,30.820144653320313,9.187408447265625,25106.906860351563,39415.604064941406,129994.44659423828,6761.5238037109375,17012051968,15032385536,7884582912,0
200,1740150611649,2600,2600,2600,2600,2600,2600,2600,2600,2600,2600,2600,2600,18.780723571777344,42.01776123046875,24.242721557617188,52.42441177368164,26.844451904296875,8.213241577148438,22.078140258789063,13.7791748046875,16.245697021484375,3.45263671875,15.819664001464844,4.205474853515625,25107.195922851563,39419.98077392578,129996.3510131836,6761.569274902344,17012051968,15032385536,7886438400,0
200,1740150611849,2600,2600,2600,2600,2600,2600,2600,2600,2600,2600,2600,2600,19.85443115234375,15.235801696777344,11.942420959472656,68.01529693603516,21.835494995117188,15.455551147460938,31.59363555908203,9.923385620117188,24.661903381347656,3.9196701049804688,37.718597412109375,4.0900421142578125,25107.485961914063,39424.43701171875,129998.33123779297,6761.6072998046875,17012051968,15032385536,7896862720,0
200,1740150612049,2600,2600,2600,2600,2600,2600,2600,2600,2600,2600,2600,2600,27.446151733398438,8.611663818359375,7.386283874511719,80.39794921875,10.006263732910156,3.0716323852539063,11.298194885253906,9.956794738769531,15.939201354980469,1.5458297729492188,7.958343505859375,5.381767272949219,25107.7236328125,39428.45098876953,129999.92041015625,6761.613952636719,17012051968,15032385536,7894032384,0
199,1740150612250,2600,2600,2600,2600,2600,2600,2600,2600,2600,2600,2600,2600,3.6507644653320313,1.3206253051757813,1.2747039794921875,90.2237777709961,5.334251403808594,1.7969818115234375,2.3431243896484375,2.3696212768554688,1.2745513916015625,0.9615020751953125,0.5279693603515625,4.2031402587890625,25107.911560058594,39431.83868408203,130000.91571044922,6761.6231689453125,17012051968,15032385536,7893016576,0
200,1740150612450,2600,2600,2600,2600,2600,2600,2600,2600,2600,2600,2600,2600,5.398155212402344,7.722480773925781,2.0018692016601563,35.28227996826172,6.27178955078125,0.49390411376953125,2.7921981811523438,2.5212554931640625,6.734016418457031,0.4259490966796875,11.196876525878906,0.9792709350585938,25108.095642089844,39435.00146484375,130001.66491699219,6761.636657714844,17012051968,15032385536,7899521024,0
200,1740150612650,2600,2600,2600,2600,2600,2600,2600,2600,2600,2600,2600,2600,7.431495666503906,64.91932678222656,10.604263305664063,14.860984802246094,12.63201904296875,7.4508514404296875,15.628135681152344,8.553565979003906,26.519004821777344,6.232765197753906,10.131820678710938,4.38470458984375,25108.321166992188,39438.70080566406,130002.96240234375,6761.6514892578125,17012051968,15032385536,7911915520,0
199,1740150612851,2600,2600,2600,2600,2600,2600,2600,2600,2600,2600,2600,2600,0,0,0,0,2.3694839477539063,0,0,0,0,0,0,0,25108.452880859375,39441.128173828125,130003.0747680664,6761.659606933594,17012051968,15032385536,7912132608,0
200,1740150613051,2600,2600,2600,2600,2600,2600,2600,2600,2600,2600,2600,2600,4.723541259765625,3.3309402465820313,2.2942123413085938,3.4068756103515625,7.315864562988281,1.8085479736328125,1.7782669067382813,2.0907058715820313,2.1006851196289063,1.991058349609375,2.309722900390625,1.992584228515625,25108.594787597656,39443.686279296875,130003.29290771484,6761.670166015625,17012051968,15032385536,7911346176,0
200,1740150613252,2600,2600,2600,2600,2600,2600,2600,2600,2600,2600,2600,2600,5.977272033691406,25.850196838378906,6.054008483886719,4.7524261474609375,8.408699035644531,1.8975601196289063,1.9979782104492188,2.3597183227539063,2.17852783203125,1.37652587890625,5.77398681640625,1.5615997314453125,25108.76123046875,39446.64343261719,130003.88818359375,6761.693542480469,17012051968,15032385536,7911596032,0
200,1740150613452,2600,2600,2600,2600,2600,2600,2600,2600,2600,2600,2600,2600,6.830345153808594,8.113548278808594,12.305778503417969,7.46826171875,22.92181396484375,2.568634033203125,6.1068878173828125,2.2229385375976563,0.792938232421875,2.9763336181640625,1.9016265869140625,0.12982177734375,25108.953125,39449.848388671875,130004.65704345703,6761.770812988281,17012051968,15032385536,7911653376,0
200,1740150613653,2600,2600,2600,2600,2600,2600,2600,2600,2600,2600,2600,2600,6.230934143066406,11.318939208984375,2.3118438720703125,4.1865692138671875,12.740867614746094,1.5192794799804688,2.1885604858398438,2.2225875854492188,1.0892410278320313,2.2600555419921875,2.3394851684570313,0.26448822021484375,25109.121826171875,39452.736328125,130005.14111328125,6761.8228759765625,17012051968,15032385536,7910735872,0
200,1740150613854,2600,2600,2600,2600,2600,2600,2600,2600,2600,2600,2600,2600,16.669776916503906,23.60443878173828,11.651679992675781,23.462867736816406,21.828956604003906,17.437721252441406,14.898231506347656,14.318191528320313,15.3612060546875,10.346046447753906,8.96319580078125,15.430099487304688,25109.365844726563,39456.374084472656,130006.3150024414,6761.886291503906,17012051968,15032385536,7897620480,0
200,1740150614054,2600,2600,2600,2600,2600,2600,2600,2600,2600,2600,2600,2600,4.400054931640625,5.5941619873046875,2.5338516235351563,3.5391006469726563,9.331451416015625,3.364593505859375,2.5280685424804688,0.858062744140625,2.3051071166992188,2.5866546630859375,1.6383438110351563,0.682464599609375,25109.554443359375,39459.12634277344,130006.6752319336,6761.924011230469,17012051968,15032385536,7900336128,0
200,1740150614255,2600,2600,2600,2600,2600,2600,2600,2600,2600,2600,2600,2600,1.9854660034179688,2.8448257446289063,1.2055892944335938,1.699676513671875,4.34661865234375,1.2907028198242188,2.02587890625,1.2661895751953125,0.8845748901367188,0.8846206665039063,2.0703353881835938,0.92364501953125,25109.73211669922,39461.685791015625,130006.86840820313,6761.932373046875,17012051968,15032385536,7899865088,0
200,1740150614455,2600,2600,2600,2600,2600,2600,2600,2600,2600,2600,2600,2600,3.5987548828125,2.7631759643554688,1.2731094360351563,2.0882797241210938,3.9079437255859375,0.6940155029296875,3.3552474975585938,1.944061279296875,1.4721603393554688,8.128753662109375,3.8735122680664063,0.9766464233398438,25109.89892578125,39463.165283203125,130007.16479492188,6761.953308105469,17012051968,15032385536,7900098560,0
200,1740150614656,2600,2600,2600,2600,2600,2600,2600,2600,2600,2600,2600,2600,3.9665679931640625,2.1880569458007813,2.2341842651367188,3.1792526245117188,4.7845611572265625,1.3787612915039063,2.9705810546875,1.6941070556640625,1.8853988647460938,1.7869110107421875,2.4523391723632813,1.4630126953125,25110.036254882813,39463.59063720703,130007.32470703125,6761.963806152344,17012051968,15032385536,7896494080,0
200,1740150614856,2600,2600,2600,2600,2600,2600,2600,2600,2600,2600,2600,2600,0.5101165771484375,0,0,1.656524658203125,2.2201004028320313,0,0.080780029296875,0,0,0,0.9472122192382813,0,25110.164916992188,39463.9794921875,130007.4691772461,6761.963806152344,17012051968,15032385536,7896313856,0
200,1740150615057,2600,2600,2600,2600,2600,2600,2600,2600,2600,2600,2600,2600,3.4829559326171875,1.2765274047851563,1.2375335693359375,2.5075759887695313,3.3915176391601563,1.3949356079101563,1.38995361328125,36.83661651611328,1.2199859619140625,1.3803329467773438,1.108551025390625,0.6033859252929688,25110.307861328125,39464.75225830078,130007.9633178711,6761.9688720703125,17012051968,15032385536,7904927744,0
200,1740150615257,2600,2600,2600,2600,2600,2600,2600,2600,2600,2600,2600,2600,7.450775146484375,1.209991455078125,0.789306640625,2.7834548950195313,2.9959487915039063,1.4191360473632813,1.0816802978515625,19.33415985107422,81.31200408935547,0.42128753662109375,1.4401092529296875,0.7368316650390625,25110.449584960938,39466.140869140625,130009.03857421875,6761.975158691406,17012051968,15032385536,7907008512,0
200,1740150615457,2600,2600,2600,2600,2600,2600,2600,2600,2600,2600,2600,2600,7.482032775878906,5.124412536621094,7.32666015625,4.108772277832031,17.66748046875,6.866111755371094,6.0521240234375,15.119049072265625,55.98335647583008,22.989517211914063,18.650611877441406,1.9710311889648438,25110.617248535156,39467.782470703125,130010.34558105469,6761.980529785156,17012051968,15032385536,7902507008,0
199,1740150615658,2600,2600,2600,2600,2600,2600,2600,2600,2600,2600,2600,2600,2.3648834228515625,1.6263198852539063,3.2500381469726563,1.875213623046875,2.966064453125,0,0.14263916015625,0.0523223876953125,1.1006698608398438,0.080841064453125,6.2838592529296875,0,25110.75146484375,39468.68981933594,130010.5595703125,6761.982177734375,17012051968,15032385536,7901741056,0
200,1740150615858,2600,2600,2600,2600,2600,2600,2600,2600,2600,2600,2600,2600,1.959564208984375,0.9745330810546875,66.06327819824219,0.757537841796875,4.0135650634765625,0.4713134765625,1.3311767578125,0.5592117309570313,1.3475112915039063,0.6155471801757813,0.8499298095703125,0.4709625244140625,25110.87969970703,39470.751220703125,130011.0609741211,6761.985290527344,17012051968,15032385536,7901331456,0
200,1740150616058,2600,2600,2600,2600,2600,2600,2600,2600,2600,2600,2600,2600,2.7191619873046875,0.7757492065429688,100,0.37914276123046875,3.32403564453125,0.8453216552734375,1.4123611450195313,0.912689208984375,2.6182022094726563,0.7046356201171875,0.7583847045898438,0.33477020263671875,25111.005859375,39473.824279785156,130011.74395751953,6761.995178222656,17012051968,15032385536,7900848128,0
200,1740150616259,2600,2600,2600,2600,2600,2600,2600,2600,2600,2600,2600,2600,3.5348739624023438,11.247474670410156,35.91978454589844,1.4620208740234375,57.74504089355469,1.3499984741210938,2.5420303344726563,1.5178070068359375,5.458503723144531,1.744903564453125,1.9175491333007813,1.8841476440429688,25111.143920898438,39476.90447998047,130012.4525756836,6762.000244140625,17012051968,15032385536,7900520448,0
200,1740150616459,2600,2600,2600,2600,2600,2600,2600,2600,2600,2600,2600,2600,34.180564880371094,1.199249267578125,1.8306121826171875,3.501495361328125,47.81881332397461,26.779495239257813,2.66827392578125,18.69438934326172,9.744758605957031,11.574462890625,19.47588348388672,1.54351806640625,25111.29766845703,39480.408264160156,130013.82043457031,6762.000244140625,17012051968,15032385536,7886499840,0
200,1740150616659,2600,2600,2600,2600,2600,2600,2600,2600,2600,2600,2600,2600,2.0070571899414063,0.9932708740234375,1.7478866577148438,1.9659347534179688,1.49285888671875,43.857120513916016,3.4958267211914063,0.5698013305664063,9.617218017578125,0.6586380004882813,2.4709548950195313,0.832672119140625,25111.43292236328,39483.38983154297,130014.44458007813,6762.007019042969,17012051968,15032385536,7885598720,0
200,1740150616860,2600,2600,2600,2600,2600,2600,2600,2600,2600,2600,2600,2600,2.0097808837890625,23.833946228027344,1.9088821411132813,1.1130294799804688,1.2203369140625,14.939140319824219,2.8969497680664063,0.35900115966796875,6.14068603515625,0,0.85552978515625,0.43527984619140625,25111.57861328125,39486.25439453125,130014.96203613281,6762.012634277344,17012051968,15032385536,7868428288,0
200,1740150617060,2600,2600,2600,2600,2600,2600,2600,2600,2600,2600,2600,2600,2.9241561889648438,3.9427490234375,0.5009613037109375,16.561119079589844,4.597373962402344,0.9200515747070313,1.09637451171875,0.9320297241210938,0.38137054443359375,1.2715377807617188,0.885528564453125,0.3033905029296875,25111.7216796875,39488.8671875,130015.24017333984,6762.021240234375,17012051968,15032385536,7868317696,0
199,1740150617260,2600,2600,2600,2600,2600,2600,2600,2600,2600,2600,2600,2600,1.0848159790039063,1.7354507446289063,0.49542236328125,1.6096343994140625,6.56964111328125,0.42031097412109375,1.4662017822265625,1.6220626831054688,0.8032455444335938,0.5365982055664063,0.7277374267578125,0.5738754272460938,25111.851989746094,39491.330505371094,130015.40161132813,6762.021240234375,17012051968,15032385536,7867969536,0
200,1740150617460,2600,2600,2600,2600,2600,2600,2600,2600,2600,2600,2600,2600,3.0725250244140625,1.76800537109375,0.7703399658203125,1.2831878662109375,5.764007568359375,0.67626953125,1.995025634765625,1.0666122436523438,1.38665771484375,3.2726211547851563,0.9126815795898438,0.81475830078125,25111.985107421875,39493.83428955078,130015.58569335938,6762.021240234375,17012051968,15032385536,7867998208,0
200,1740150617661,2600,2600,2600,2600,2600,2600,2600,2600,2600,2600,2600,2600,8.682304382324219,1.0099945068359375,2.9924468994140625,3.7733001708984375,3.7604217529296875,0.6209945678710938,1.31732177734375,0.5550994873046875,1.311187744140625,5.996131896972656,1.8910903930664063,0.7523422241210938,25112.12042236328,39496.43798828125,130015.86932373047,6762.027282714844,17012051968,15032385536,7867400192,0
200,1740150617861,2600,2600,2600,2600,2600,2600,2600,2600,2600,2600,2600,2600,2.13043212890625,1.9739151000976563,2.191131591796875,1.324188232421875,3.9387359619140625,0.7418670654296875,1.7181472778320313,1.0212783813476563,1.8799285888671875,0.836395263671875,1.0917129516601563,1.2368621826171875,25112.25323486328,39498.88116455078,130016.0126953125,6762.0306396484375,17012051968,15032385536,7867269120,0
200,1740150618061,2600,2600,2600,2600,2600,2600,2600,2600,2600,2600,2600,2600,4.093048095703125,2.27734375,1.7697296142578125,1.9845809936523438,5.59033203125,1.6525650024414063,2.3728561401367188,1.923431396484375,2.246795654296875,2.1187515258789063,7.883796691894531,1.3459091186523438,25112.389282226563,39501.42810058594,130016.23474121094,6762.041198730469,17012051968,15032385536,7867146240,0
200,1740150618262,2600,2600,2600,2600,2600,2600,2600,2600,2600,2600,2600,2600,0.749786376953125,0.3353729248046875,0,0.119537353515625,2.9715347290039063,0.6335601806640625,0.7619781494140625,0,0,0,0.16846466064453125,0.03743743896484375,25112.519653320313,39503.861755371094,130016.359375,6762.041198730469,17012051968,15032385536,7866552320,0
200,1740150618462,2600,2600,2600,2600,2600,2600,2600,2600,2600,2600,2600,2600,0.2613983154296875,0,0,0,4.442344665527344,0,0,0,0,0,0,0,25112.649658203125,39506.32501220703,130016.51281738281,6762.041198730469,17012051968,15032385536,7868149760,0
200,1740150618663,2600,2600,2600,2600,2600,2600,2600,2600,2600,2600,2600,2600,6.244087219238281,1.8683929443359375,2.662322998046875,4.705726623535156,5.456390380859375,1.8476715087890625,10.264030456542969,1.5144271850585938,2.3369369506835938,1.4679946899414063,7.621879577636719,1.5383148193359375,25112.79217529297,39509.00146484375,130016.8519897461,6762.050537109375,17012051968,15032385536,7867940864,0
200,1740150618863,2600,2600,2600,2600,2600,2600,2600,2600,2600,2600,2600,2600,0.6378326416015625,0.14804840087890625,0.5352706909179688,0,1.6195755004882813,0,0,0,0,0,0,0,25112.919860839844,39511.41662597656,130016.9653930664,6762.053466796875,17012051968,15032385536,7868035072,0
200,1740150619063,2600,2600,2600,2600,2600,2600,2600,2600,2600,2600,2600,2600,2.658721923828125,1.06524658203125,0.49725341796875,1.2129058837890625,3.3687820434570313,0.4107513427734375,0.493560791015625,0.3707427978515625,0.8386688232421875,0.7552108764648438,0.7332077026367188,0.3224029541015625,25113.055419921875,39513.87322998047,130017.09185791016,6762.060852050781,17012051968,15032385536,7867994112,0
199,1740150619264,2600,2600,2600,2600,2600,2600,2600,2600,2600,2600,2600,2600,3.6585311889648438,2.9802474975585938,1.56927490234375,2.8085479736328125,5.087532043457031,1.5590972900390625,2.4654998779296875,1.4103775024414063,2.1272964477539063,1.2404556274414063,2.0191421508789063,1.657073974609375,25113.18994140625,39516.345703125,130017.25860595703,6762.0634765625,17012051968,15032385536,7867895808,0
200,1740150619464,2600,2600,2600,2600,2600,2600,2600,2600,2600,2600,2600,2600,1.0064544677734375,0.5924606323242188,0,0.055694580078125,4.739753723144531,0,0.450836181640625,2.1889114379882813,0.46535491943359375,0,0.08986663818359375,0.07428741455078125,25113.32098388672,39518.82751464844,130017.4375,6762.0634765625,17012051968,15032385536,7868481536,0
200,1740150619665,2600,2600,2600,2600,2600,2600,2600,2600,2600,2600,2600,2600,3.9059600830078125,0.8884735107421875,0.7523040771484375,3.2985382080078125,3.2616348266601563,1.3083267211914063,1.4489288330078125,1.3890151977539063,1.4278640747070313,8.05352783203125,0.732086181640625,0.5381927490234375,25113.460205078125,39521.42010498047,130017.69128417969,6762.068542480469,17012051968,15032385536,7868194816,0
200,1740150619865,2600,2600,2600,2600,2600,2600,2600,2600,2600,2600,2600,2600,1.77435302734375,1.3535003662109375,7.404212951660156,1.3699569702148438,3.8040084838867188,1.205535888671875,3.0155258178710938,1.2537689208984375,1.3171768188476563,1.1911544799804688,1.2843093872070313,1.2711639404296875,25113.585021972656,39523.844970703125,130017.8236694336,6762.068542480469,17012051968,15032385536,7867949056,0
199,1740150620066,2600,2600,2600,2600,2600,2600,2600,2600,2600,2600,2600,2600,10.453826904296875,3.6144027709960938,5.825447082519531,2.024322509765625,34.272216796875,3.23736572265625,8.873153686523438,2.441009521484375,3.5874862670898438,16.632431030273438,6.3141326904296875,1.7972030639648438,25113.747497558594,39527.03729248047,130018.63208007813,6762.09423828125,17012051968,15032385536,7867977728,0
200,1740150620266,2600,2600,2600,2600,2600,2600,2600,2600,2600,2600,2600,2600,72.017822265625,34.412193298339844,58.013694763183594,34.55116271972656,60.225608825683594,38.272491455078125,45.076656341552734,43.243812561035156,53.74229049682617,42.824806213378906,40.45407485961914,50.191341400146484,25114.127502441406,39533.00421142578,130021.71618652344,6762.440673828125,17012051968,15032385536,7089909760,0
200,1740150620466,2600,2600,2600,2600,2600,2600,2600,2600,2600,2600,2600,2600,37.20149612426758,4.4403839111328125,14.865554809570313,3.0323333740234375,39.117759704589844,15.082771301269531,11.334022521972656,0.9792098999023438,36.80028533935547,14.997489929199219,9.567840576171875,1.786712646484375,25114.419311523438,39537.22869873047,130023.28973388672,6762.6912841796875,17012051968,15032385536,6968918016,0
200,1740150620667,2600,2600,2600,2600,2600,2600,2600,2600,2600,2600,2600,2600,4.9402923583984375,0.83563232421875,6.1981658935546875,3.2085342407226563,3.98712158203125,0.9654006958007813,2.8117523193359375,1.5258865356445313,0.9207305908203125,9.000679016113281,1.0962600708007813,1.2919540405273438,25114.561401367188,39539.87976074219,130023.62084960938,6762.6934814453125,17012051968,15032385536,6966329344,0
199,1740150620867,2600,2600,2600,2600,2600,2600,2600,2600,2600,2600,2600,2600,1.7317352294921875,1.5121078491210938,2.9900436401367188,1.4954910278320313,6.244941711425781,1.4815597534179688,1.65972900390625,0.7156143188476563,1.078155517578125,0.943023681640625,1.3109283447265625,2.4029159545898438,25114.696228027344,39542.33435058594,130023.76611328125,6762.697570800781,17012051968,15032385536,6937382912,0
200,1740150621068,2600,2600,2600,2600,2600,2600,2600,2600,2600,2600,2600,2600,1.7567672729492188,0,0.262542724609375,0.8519439697265625,3.2959213256835938,0,0.8772048950195313,0,0.173675537109375,0.8151931762695313,0.6546783447265625,0.4120635986328125,25114.833984375,39544.81817626953,130023.9193725586,6762.7069091796875,17012051968,15032385536,6935957504,0
199,1740150621268,2600,2600,2600,2600,2600,2600,2600,2600,2600,2600,2600,2600,30.365455627441406,10.96246337890625,10.27667236328125,9.102142333984375,64.05500793457031,5.571075439453125,17.534454345703125,4.681724548339844,4.677513122558594,17.173133850097656,7.2526397705078125,29.69366455078125,25115.004943847656,39548.783203125,130025.48254394531,6762.709777832031,17012051968,15032385536,6943633408,0
200,1740150621468,2600,2600,2600,2600,2600,2600,2600,2600,2600,2600,2600,2600,3.3257522583007813,1.0340194702148438,8.631240844726563,1.1993865966796875,84.32813262939453,0.7003631591796875,10.80181884765625,1.0606613159179688,15.530120849609375,1.7174758911132813,2.1987380981445313,3.4088668823242188,25115.16473388672,39552.268615722656,130026.62005615234,6762.709777832031,17012051968,15032385536,6972321792,0
200,1740150621669,2600,2600,2600,2600,2600,2600,2600,2600,2600,2600,2600,2600,3.561553955078125,0,6.190544128417969,1.8796768188476563,77.94038391113281,0,1.0959243774414063,2.8111343383789063,8.034820556640625,10.766342163085938,1.2078628540039063,0.9119644165039063,25115.324584960938,39555.754638671875,130027.7138671875,6762.7113037109375,17012051968,15032385536,6979911680,0
200,1740150621869,2600,2600,2600,2600,2600,2600,2600,2600,2600,2600,2600,2600,5.578033447265625,2.3571624755859375,3.834991455078125,2.2428131103515625,12.256217956542969,1.8255081176757813,2.3263778686523438,4.466606140136719,2.7369537353515625,1.912384033203125,4.954963684082031,1.724609375,25115.465881347656,39558.3681640625,130027.99719238281,6762.717712402344,17012051968,15032385536,6940004352,0
200,1740150622069,2600,2600,2600,2600,2600,2600,2600,2600,2600,2600,2600,2600,0.64068603515625,0,0,0,7.702781677246094,2.7570343017578125,0.49123382568359375,0,0,0,0.03504180908203125,2.5947189331054688,25115.601013183594,39560.89929199219,130028.20928955078,6762.724426269531,17012051968,15032385536,6938742784,0
200,1740150622270,2600,2600,2600,2600,2600,2600,2600,2600,2600,2600,2600,2600,2.0080184936523438,1.57244873046875,1.6917572021484375,2.6444931030273438,5.9427490234375,1.4405364990234375,2.3525009155273438,1.3866195678710938,2.5751495361328125,1.4387130737304688,3.053619384765625,1.480224609375,25115.732482910156,39563.3544921875,130028.3482055664,6762.724426269531,17012051968,15032385536,6937710592,0
200,1740150622470,2600,2600,2600,2600,2600,2600,2600,2600,2600,2600,2600,2600,2.5083770751953125,0.6584091186523438,0.9656829833984375,1.1800994873046875,3.9748153686523438,1.4063262939453125,1.2861099243164063,0.774932861328125,0.81695556640625,0.9228668212890625,2.686859130859375,0.6171875,25115.86407470703,39565.81652832031,130028.50518798828,6762.727478027344,17012051968,15032385536,6939017216,0
200,1740150622671,2600,2600,2600,2600,2600,2600,2600,2600,2600,2600,2600,2600,1.7852096557617188,0,0.9590988159179688,1.7956390380859375,4.6394195556640625,0,0.4195556640625,0,0,7.332557678222656,2.8039474487304688,0,25116.00274658203,39568.43292236328,130028.7876586914,6762.732727050781,17012051968,15032385536,6938038272,0
200,1740150622871,2600,2600,2600,2600,2600,2600,2600,2600,2600,2600,2600,2600,1.1113433837890625,0.07077789306640625,0.2899322509765625,0.439361572265625,2.4579925537109375,0.083587646484375,0.21945953369140625,0.45311737060546875,0.8876953125,0.298309326171875,0.19663238525390625,0.0933074951171875,25116.12921142578,39570.81091308594,130028.86614990234,6762.735290527344,17012051968,15032385536,6937284608,0
200,1740150623072,2600,2600,2600,2600,2600,2600,2600,2600,2600,2600,2600,2600,3.437469482421875,1.2868194580078125,1.5675430297851563,1.8159942626953125,5.2829742431640625,1.3762283325195313,1.5844192504882813,1.3460311889648438,1.7512054443359375,1.580078125,1.4580459594726563,1.3298492431640625,25116.263671875,39573.257751464844,130028.98638916016,6762.741394042969,17012051968,15032385536,6936981504,0
199,1740150623272,2600,2600,2600,2600,2600,2600,2600,2600,2600,2600,2600,2600,0.8979644775390625,0.5556869506835938,0.7705917358398438,1.5522079467773438,3.1765518188476563,0.9229507446289063,0.745208740234375,0.5789871215820313,0.63134765625,0.7973175048828125,0.7429733276367188,1.047393798828125,25116.38751220703,39575.6240234375,130029.05834960938,6762.741394042969,17012051968,15032385536,6936944640,0
200,1740150623472,2600,2600,2600,2600,2600,2600,2600,2600,2600,2600,2600,2600,0.6641616821289063,0,0,0,2.2779159545898438,0,1.4460906982421875,0,0,0,0,0,25116.51904296875,39578.081970214844,130029.21014404297,6762.7440185546875,17012051968,15032385536,6938226688,0
200,1740150623673,2600,2600,2600,2600,2600,2600,2600,2600,2600,2600,2600,2600,4.722190856933594,1.1650924682617188,3.6617279052734375,3.7983856201171875,3.5145950317382813,1.1621780395507813,1.8333816528320313,1.7329559326171875,1.458465576171875,8.538566589355469,1.481689453125,1.502899169921875,25116.65753173828,39580.638427734375,130029.43450927734,6762.7493896484375,17012051968,15032385536,6937034752,0
200,1740150623873,2600,2600,2600,2600,2600,2600,2600,2600,2600,2600,2600,2600,0,0,0.165435791015625,0.1819000244140625,2.2418212890625,0,0.2248077392578125,0,0,0,0,0,25116.78338623047,39583.021057128906,130029.51776123047,6762.7493896484375,17012051968,15032385536,6936571904,0
200,1740150624075,2600,2600,2600,2600,2600,2600,2600,2600,2600,2600,2600,2600,2.92230224609375,0.969146728515625,1.2578887939453125,1.6218643188476563,3.7268142700195313,2.3230514526367188,1.2145462036132813,0.8347244262695313,1.3466949462890625,1.4914398193359375,1.2770462036132813,0.9580917358398438,25116.918395996094,39585.47625732422,130029.64739990234,6762.759582519531,17012051968,15032385536,6936408064,0
200,1740150624275,2600,2600,2600,2600,2600,2600,2600,2600,2600,2600,2600,2600,1.1255722045898438,0.5730972290039063,0.6418304443359375,1.7119903564453125,4.149757385253906,0.48199462890625,1.4792404174804688,0.7605209350585938,0.85455322265625,0.45117950439453125,0.75286865234375,0.47081756591796875,25117.046020507813,39587.890380859375,130029.74975585938,6762.759582519531,17012051968,15032385536,6936276992,0
200,1740150624476,2600,2600,2600,2600,2600,2600,2600,2600,2600,2600,2600,2600,2.7575912475585938,1.2110214233398438,0.8326263427734375,1.0097427368164063,2.6286773681640625,0.8082199096679688,0.8295440673828125,1.04498291015625,2.563323974609375,1.15625,0.900360107421875,0.7473907470703125,25117.176147460938,39590.335998535156,130029.87731933594,6762.764343261719,17012051968,15032385536,6936498176,0
200,1740150624676,2600,2600,2600,2600,2600,2600,2600,2600,2600,2600,2600,2600,0.5791854858398438,0,0,1.1815643310546875,2.7010498046875,0,0.9492950439453125,0,0,6.697349548339844,0,0,25117.307739257813,39592.855224609375,130030.08959960938,6762.7657470703125,17012051968,15032385536,6936383488,0
200,1740150624877,2600,2600,2600,2600,2600,2600,2600,2600,2600,2600,2600,2600,1.2579498291015625,0.24732208251953125,6.374900817871094,0.4388427734375,2.881591796875,0.2833709716796875,0.47689056396484375,0.16075897216796875,0.814910888671875,0.33876800537109375,1.461639404296875,0.17417144775390625,25117.436950683594,39595.32684326172,130030.24578857422,6762.768127441406,17012051968,15032385536,6936367104,0
200,1740150625077,2600,2600,2600,2600,2600,2600,2600,2600,2600,2600,2600,2600,2.7458114624023438,1.20269775390625,1.5795211791992188,1.8018264770507813,5.2984771728515625,1.1208419799804688,2.7310943603515625,1.5522079467773438,1.8392181396484375,1.6527862548828125,1.6671142578125,1.1680679321289063,25117.574462890625,39597.801330566406,130030.39318847656,6762.781188964844,17012051968,15032385536,6936129536,0
200,1740150625278,2600,2600,2600,2600,2600,2600,2600,2600,2600,2600,2600,2600,0,0,0,0.3153076171875,1.7196731567382813,0,0,0,0,0,6.136528015136719,0,25117.70166015625,39600.25036621094,130030.5267944336,6762.781188964844,17012051968,15032385536,6936088576,0
200,1740150625478,2600,2600,2600,2600,2600,2600,2600,2600,2600,2600,2600,2600,3.7970809936523438,2.02679443359375,2.2410507202148438,3.2597198486328125,5.66119384765625,2.09417724609375,3.361328125,1.933807373046875,3.9936981201171875,2.179779052734375,3.5368194580078125,2.118560791015625,25117.833129882813,39602.742248535156,130030.70922851563,6762.781188964844,17012051968,15032385536,6936518656,0
200,1740150625679,2600,2600,2600,2600,2600,2600,2600,2600,2600,2600,2600,2600,6.2574005126953125,1.0621719360351563,1.0282745361328125,2.74530029296875,14.912239074707031,0.48966217041015625,3.0412826538085938,0.203277587890625,0.7965011596679688,18.762405395507813,3.0197601318359375,0.1341705322265625,25117.975463867188,39605.63562011719,130031.26892089844,6762.785339355469,17012051968,15032385536,6935425024,0
200,1740150625879,2600,2600,2600,2600,2600,2600,2600,2600,2600,2600,2600,2600,1.0959396362304688,0.115264892578125,0.38092803955078125,0.8089675903320313,1.536895751953125,0.216064453125,2.6493988037109375,0.5821762084960938,0.45143890380859375,0.6792755126953125,0.5347213745117188,0.21266937255859375,25118.10369873047,39608.03698730469,130031.36657714844,6762.790100097656,17012051968,15032385536,6935429120,0
200,1740150626080,2600,2600,2600,2600,2600,2600,2600,2600,2600,2600,2600,2600,2.1156768798828125,0.16747283935546875,0.7311248779296875,1.6622390747070313,4.625885009765625,1.453125,0.8302230834960938,0.150909423828125,1.3653945922851563,0.7332687377929688,1.88641357421875,0.17380523681640625,25118.24237060547,39610.514892578125,130031.51245117188,6762.802978515625,17012051968,15032385536,6935031808,0
200,1740150626280,2600,2600,2600,2600,2600,2600,2600,2600,2600,2600,2600,2600,1.1328964233398438,0.2204742431640625,0.4339599609375,1.968292236328125,4.204254150390625,0.6909561157226563,1.4809417724609375,0.38297271728515625,0.8570480346679688,0.5470199584960938,0.3810272216796875,0.295806884765625,25118.371948242188,39612.95147705078,130031.64349365234,6762.802978515625,17012051968,15032385536,6934511616,0
200,1740150626481,2600,2600,2600,2600,2600,2600,2600,2600,2600,2600,2600,2600,3.2742919921875,2.6110610961914063,1.5696182250976563,1.7089157104492188,4.4167327880859375,1.5953369140625,2.613433837890625,1.7771835327148438,2.53533935546875,1.467041015625,1.4980392456054688,1.5142364501953125,25118.50067138672,39614.777282714844,130031.78350830078,6762.802978515625,17012051968,15032385536,6933856256,0
199,1740150626681,2600,2600,2600,2600,2600,2600,2600,2600,2600,2600,2600,2600,0.029052734375,0,0.5160751342773438,0.9155960083007813,4.5287628173828125,0,1.39666748046875,0.007568359375,0.1575469970703125,2.5561599731445313,0,0,25118.637329101563,39615.235290527344,130031.98022460938,6762.8096923828125,17012051968,15032385536,6919090176,0
200,1740150626881,2600,2600,2600,2600,2600,2600,2600,2600,2600,2600,2600,2600,2.8063507080078125,0.4354248046875,0.8788375854492188,1.5127182006835938,2.7356719970703125,0.44631195068359375,0.506500244140625,0.41164398193359375,0.5329742431640625,5.8202972412109375,0.58477783203125,0.43682098388671875,25118.763061523438,39615.61511230469,130032.11633300781,6762.812438964844,17012051968,15032385536,6918946816,0
200,1740150627081,2600,2600,2600,2600,2600,2600,2600,2600,2600,2600,2600,2600,1.237457275390625,0.11522674560546875,2.5365524291992188,0.42577362060546875,3.9294052124023438,0.194427490234375,0.7125244140625,0.33130645751953125,0.6006393432617188,0.5819244384765625,0.394683837890625,0.31633758544921875,25118.897705078125,39616.00671386719,130032.24353027344,6762.8253173828125,17012051968,15032385536,6918815744,0
200,1740150627282,2600,2600,2600,2600,2600,2600,2600,2600,2600,2600,2600,2600,1.9099197387695313,1.231048583984375,1.3447723388671875,1.2996292114257813,4.105079650878906,1.7812881469726563,1.2950363159179688,1.1205215454101563,1.8578643798828125,1.4939804077148438,1.258087158203125,1.2535934448242188,25119.023681640625,39616.32440185547,130032.32391357422,6762.8253173828125,17012051968,15032385536,6918524928,0
200,1740150627483,2600,2600,2600,2600,2600,2600,2600,2600,2600,2600,2600,2600,0.704681396484375,0,0,0,2.6010589599609375,0,1.5136184692382813,0,0.2730560302734375,0,0,0,25119.152770996094,39616.704650878906,130032.45910644531,6762.8253173828125,17012051968,15032385536,6918782976,0
200,1740150627683,2600,2600,2600,2600,2600,2600,2600,2600,2600,2600,2600,2600,3.1569747924804688,0.8960342407226563,1.4840164184570313,2.0215682983398438,3.0585098266601563,0.8657608032226563,1.2533340454101563,0.8044662475585938,1.4940414428710938,1.3930435180664063,1.5268936157226563,0.8375244140625,25119.283203125,39617.083557128906,130032.58697509766,6762.830993652344,17012051968,15032385536,6918537216,0
200,1740150627884,2600,2600,2600,2600,2600,2600,2600,2600,2600,2600,2600,2600,3.321624755859375,0.6839065551757813,0.7649459838867188,2.2827987670898438,4.222373962402344,0.9068527221679688,1.61376953125,0.9604110717773438,1.7202529907226563,8.715103149414063,1.0562896728515625,0.733551025390625,25119.418090820313,39617.54541015625,130032.78881835938,6762.836608886719,17012051968,15032385536,6918508544,0
200,1740150628084,2600,2600,2600,2600,2600,2600,2600,2600,2600,2600,2600,2600,1.2860870361328125,0.1422882080078125,0.26737213134765625,0.46482086181640625,2.695465087890625,0.19286346435546875,1.3531723022460938,0.8345870971679688,0.6531982421875,0.5472640991210938,0.26029205322265625,0.2916107177734375,25119.549438476563,39617.901428222656,130032.8931274414,6762.843505859375,17012051968,15032385536,6918414336,0
200,1740150628284,2600,2600,2600,2600,2600,2600,2600,2600,2600,2600,2600,2600,0.1403045654296875,0,0,1.234619140625,2.3904266357421875,0.23107147216796875,0,0,0,0,0,0,25119.6796875,39618.268798828125,130033.01586914063,6762.8465576171875,17012051968,15032385536,6918230016,0
200,1740150628485,2600,2600,2600,2600,2600,2600,2600,2600,2600,2600,2600,2600,1.6806106567382813,0.6625595092773438,0.7094650268554688,0.7451934814453125,2.6389236450195313,0.8128128051757813,0.7532272338867188,0.5740432739257813,2.5267486572265625,0.5880661010742188,1.2848052978515625,0.56939697265625,25119.806396484375,39618.6240234375,130033.12878417969,6762.8465576171875,17012051968,15032385536,6918844416,0
199,1740150628685,2600,2600,2600,2600,2600,2600,2600,2600,2600,2600,2600,2600,2.0038909912109375,0.2112884521484375,0.6918792724609375,1.7533645629882813,3.8549118041992188,0.36236572265625,0.6282196044921875,0.42208099365234375,1.1924896240234375,0.5315170288085938,0.5100479125976563,0.32781982421875,25119.93701171875,39619.01824951172,130033.27020263672,6762.853515625,17012051968,15032385536,6918578176,0
200,1740150628885,2600,2600,2600,2600,2600,2600,2600,2600,2600,2600,2600,2600,2.2833786010742188,0.09680938720703125,0.206207275390625,1.3100357055664063,2.324188232421875,0.2802886962890625,0.24127960205078125,0.7386627197265625,0.9736480712890625,7.685661315917969,6.348701477050781,0.2841339111328125,25120.066040039063,39619.487060546875,130033.49011230469,6762.853515625,17012051968,15032385536,6918512640,0
200,1740150629086,2600,2600,2600,2600,2600,2600,2600,2600,2600,2600,2600,2600,3.575347900390625,1.650604248046875,1.898223876953125,2.39935302734375,5.591316223144531,1.6446151733398438,4.101875305175781,1.707733154296875,1.8897705078125,2.4044570922851563,1.9152679443359375,1.6960906982421875,25120.203186035156,39619.892517089844,130033.63500976563,6762.8619384765625,17012051968,15032385536,6918389760,0
200,1740150629286,2600,2600,2600,2600,2600,2600,2600,2600,2600,2600,2600,2600,0,0,0,0,1.2728118896484375,0,0,0,0,0,0,0,25120.331970214844,39620.23553466797,130033.7333984375,6762.8643798828125,17012051968,15032385536,6918270976,0
200,1740150629486,2600,2600,2600,2600,2600,2600,2600,2600,2600,2600,2600,2600,2.5059280395507813,1.5208587646484375,1.58856201171875,1.8419036865234375,4.008659362792969,1.594146728515625,3.0810089111328125,2.2316818237304688,2.472869873046875,1.5294570922851563,1.6755294799804688,1.6013565063476563,25120.458862304688,39620.59942626953,130033.85803222656,6762.8643798828125,17012051968,15032385536,6917955584,0
200,1740150629687,2600,2600,2600,2600,2600,2600,2600,2600,2600,2600,2600,2600,0.8264007568359375,0,0,0.30307769775390625,1.6420669555664063,0,0,0,0,1.037872314453125,0.0077056884765625,0,25120.587524414063,39620.97351074219,130033.98406982422,6762.865661621094,17012051968,15032385536,6918352896,0
200,1740150629887,2600,2600,2600,2600,2600,2600,2600,2600,2600,2600,2600,2600,2.603790283203125,0.28665924072265625,0.187713623046875,1.5794143676757813,1.7568359375,0.169281005859375,1.174774169921875,2.4015426635742188,0.38835906982421875,7.694732666015625,0.5563430786132813,0.3119354248046875,25120.72003173828,39621.41717529297,130034.17639160156,6762.868469238281,17012051968,15032385536,6918422528,0
200,1740150630088,2600,2600,2600,2600,2600,2600,2600,2600,2600,2600,2600,2600,3.4632415771484375,1.2655105590820313,1.20562744140625,1.65252685546875,3.9139862060546875,1.2111053466796875,1.5081024169921875,1.79547119140625,1.4795913696289063,1.8381881713867188,1.5232391357421875,1.1501846313476563,25120.85321044922,39621.792907714844,130034.29138183594,6762.8795166015625,17012051968,15032385536,6918381568,0
200,1740150630288,2600,2600,2600,2600,2600,2600,2600,2600,2600,2600,2600,2600,2.2751235961914063,0.38999176025390625,1.7387771606445313,2.4698715209960938,4.031028747558594,1.0204238891601563,1.865966796875,0.7644500732421875,1.4737396240234375,0.9068222045898438,0.7200469970703125,0.630035400390625,25120.98992919922,39622.203552246094,130034.44799804688,6762.8834228515625,17012051968,15032385536,6918328320,0
199,1740150630489,2600,2600,2600,2600,2600,2600,2600,2600,2600,2600,2600,2600,1.2593002319335938,0.444580078125,0.5655059814453125,0.954559326171875,2.5764389038085938,0.6073379516601563,1.2517471313476563,1.0499191284179688,0.471099853515625,0.24050140380859375,0.48450469970703125,0.2145843505859375,25121.117126464844,39622.56579589844,130034.57092285156,6762.8834228515625,17012051968,15032385536,6917857280,0
200,1740150630689,2600,2600,2600,2600,2600,2600,2600,2600,2600,2600,2600,2600,4.177528381347656,1.7321014404296875,3.9607925415039063,2.2686614990234375,18.54772186279297,0.7303314208984375,2.8577499389648438,0,0.6311264038085938,11.602012634277344,2.7266006469726563,0.6192703247070313,25121.25811767578,39623.32061767578,130035.05786132813,6762.884704589844,17012051968,15032385536,6916939776,0
200,1740150630889,2600,2600,2600,2600,2600,2600,2600,2600,2600,2600,2600,2600,2.6514739990234375,1.3351821899414063,1.5416641235351563,3.0819549560546875,3.8386688232421875,1.3827056884765625,3.4236373901367188,1.61212158203125,2.2334365844726563,8.651359558105469,1.4945831298828125,2.172088623046875,25121.39190673828,39623.767150878906,130035.24938964844,6762.889587402344,17012051968,15032385536,6916820992,0
200,1740150631090,2600,2600,2600,2600,2600,2600,2600,2600,2600,2600,2600,2600,0.00257110595703125,0,0,0,2.9869613647460938,0,0.7643585205078125,0,0,0,0,0,25121.524536132813,39624.13494873047,130035.35723876953,6762.903381347656,17012051968,15032385536,6916530176,0
200,1740150631290,2600,2600,2600,2600,2600,2600,2600,2600,2600,2600,2600,2600,0.677642822265625,1.8009414672851563,0.3700408935546875,1.3353118896484375,1.5953750610351563,0.6032791137695313,0.40834808349609375,0.21051788330078125,0.7763824462890625,0.15547943115234375,0.24123382568359375,0.302764892578125,25121.65234375,39624.4658203125,130035.44750976563,6762.903381347656,17012051968,15032385536,6916526080,0
200,1740150631491,2600,2600,2600,2600,2600,2600,2600,2600,2600,2600,2600,2600,2.1602706909179688,0.266876220703125,0.7779769897460938,0.6089553833007813,2.1326217651367188,1.1369247436523438,0.8372573852539063,0.47916412353515625,0.7228317260742188,0.31683349609375,0.3992156982421875,0.206695556640625,25121.782287597656,39624.813049316406,130035.54211425781,6762.9093017578125,17012051968,15032385536,6916300800,0
200,1740150631691,2600,2600,2600,2600,2600,2600,2600,2600,2600,2600,2600,2600,5.978080749511719,1.7662353515625,2.6157913208007813,3.094940185546875,4.9111480712890625,2.574615478515625,2.4366683959960938,1.9776382446289063,2.0428314208984375,1.6913528442382813,8.775070190429688,1.8197174072265625,25121.913696289063,39625.30017089844,130035.78039550781,6762.910583496094,17012051968,15032385536,6918012928,0
200,1740150631892,2600,2600,2600,2600,2600,2600,2600,2600,2600,2600,2600,2600,34.684112548828125,10.051048278808594,10.474601745605469,4.751167297363281,52.42142105102539,3.7677001953125,17.29560089111328,1.7601776123046875,3.7661590576171875,22.060508728027344,8.64239501953125,23.321243286132813,25122.080139160156,39627.065856933594,130037.23114013672,6762.9154052734375,17012051968,15032385536,6922514432,0
200,1740150632092,2600,2600,2600,2600,2600,2600,2600,2600,2600,2600,2600,2600,6.427711486816406,0.4653472900390625,1.46893310546875,1.1300048828125,82.65771484375,0.9465484619140625,14.178573608398438,0.1204986572265625,4.3968658447265625,1.787994384765625,9.672744750976563,8.109954833984375,25122.245056152344,39628.51788330078,130038.36065673828,6762.9244384765625,17012051968,15032385536,6950555648,0
200,1740150632292,2600,2600,2600,2600,2600,2600,2600,2600,2600,2600,2600,2600,2.4517440795898438,0.28119659423828125,3.584014892578125,0.7008743286132813,82.74748229980469,0.8652877807617188,1.9204635620117188,8.688568115234375,5.9815521240234375,3.7184600830078125,1.585906982421875,6.5680389404296875,25122.401733398438,39629.87811279297,130039.4033203125,6762.9244384765625,17012051968,15032385536,6963474432,0
200,1740150632493,2600,2600,2600,2600,2600,2600,2600,2600,2600,2600,2600,2600,5.354278564453125,1.1209793090820313,1.0279083251953125,1.7972640991210938,13.003677368164063,0.5213088989257813,2.545867919921875,1.0900192260742188,4.7724609375,0.7345962524414063,1.1682357788085938,0.7682571411132813,25122.542236328125,39630.43347167969,130039.68286132813,6762.926818847656,17012051968,15032385536,6921244672,0
200,1740150632693,2600,2600,2600,2600,2600,2600,2600,2600,2600,2600,2600,2600,4.708580017089844,0,0.27878570556640625,1.1378631591796875,2.4829940795898438,0.7238082885742188,4.962974548339844,0,0.326751708984375,0.20084381103515625,0,0.516937255859375,25122.675659179688,39630.91418457031,130039.90618896484,6762.93408203125,17012051968,15032385536,6920273920,0
199,1740150632894,2600,2600,2600,2600,2600,2600,2600,2600,2600,2600,2600,2600,2.7020339965820313,1.7133941650390625,3.46923828125,3.2581329345703125,4.628700256347656,1.8059616088867188,2.93109130859375,2.1533126831054688,1.96630859375,9.29827880859375,1.9755096435546875,2.1092910766601563,25122.808471679688,39631.35461425781,130040.09484863281,6762.9364013671875,17012051968,15032385536,6919516160,0
200,1740150633094,2600,2600,2600,2600,2600,2600,2600,2600,2600,2600,2600,2600,0,0,0,0,2.3876419067382813,0,0,0,0,0,0,0,25122.939025878906,39631.71716308594,130040.20440673828,6762.946472167969,17012051968,15032385536,6918832128,0
200,1740150633294,2600,2600,2600,2600,2600,2600,2600,2600,2600,2600,2600,2600,1.5025100708007813,0.23511505126953125,0.3910675048828125,1.4962234497070313,3.0741653442382813,0.21355438232421875,0.50653076171875,0.44637298583984375,3.7948989868164063,0.42670440673828125,0.5230026245117188,0.2592315673828125,25123.069580078125,39632.06964111328,130040.31164550781,6762.946472167969,17012051968,15032385536,6918561792,0
200,1740150633494,2600,2600,2600,2600,2600,2600,2600,2600,2600,2600,2600,2600,2.0706405639648438,1.0874481201171875,1.237762451171875,1.2950286865234375,3.9912185668945313,1.2356338500976563,1.7058334350585938,1.7678451538085938,1.691558837890625,1.152923583984375,1.777923583984375,1.1027145385742188,25123.198852539063,39632.41015625,130040.40533447266,6762.951232910156,17012051968,15032385536,6917763072,0
200,1740150633695,2600,2600,2600,2600,2600,2600,2600,2600,2600,2600,2600,2600,2.467803955078125,0,0.898406982421875,0.9489517211914063,2.2042465209960938,0,1.6958770751953125,0,1.6863021850585938,0.4150848388671875,0,0,25123.332397460938,39632.873107910156,130040.61022949219,6762.958251953125,17012051968,15032385536,6918782976,0
199,1740150633895,2600,2600,2600,2600,2600,2600,2600,2600,2600,2600,2600,2600,0.9813690185546875,0.303192138671875,1.8754806518554688,1.9410171508789063,2.3107528686523438,0.28033447265625,0.6504669189453125,1.5758743286132813,0.75714111328125,7.7566375732421875,0.3770751953125,0.33524322509765625,25123.463928222656,39633.313720703125,130040.80389404297,6762.958251953125,17012051968,15032385536,6918594560,0
200,1740150634095,2600,2600,2600,2600,2600,2600,2600,2600,2600,2600,2600,2600,3.5190048217773438,0.9901123046875,1.1499176025390625,1.5385818481445313,2.9614715576171875,1.0772933959960938,1.2814483642578125,1.0240707397460938,2.222747802734375,1.469818115234375,1.2018508911132813,1.1873397827148438,25123.595092773438,39633.67199707031,130040.91009521484,6762.9683837890625,17012051968,15032385536,6918545408,0
3,1740150634296,2600,2600,2600,2600,2600,2600,2600,2600,2600,2600,2600,2600,1.98187255859375,0.7141952514648438,6.7467803955078125,1.69439697265625,4.2705230712890625,0.937042236328125,1.6575546264648438,0.8392105102539063,1.9189376831054688,1.4203720092773438,1.5957183837890625,0.6180038452148438,25123.73211669922,39634.13311767578,130041.1103515625,6762.973693847656,17012051968,15032385536,6917214208,0
